{
  "logreg__val": {
    "fluorite": {
      "precision": 0.9230769230769231,
      "recall": 0.9230769230769231,
      "f1-score": 0.9230769230769231,
      "support": 13.0
    },
    "multiphase": {
      "precision": 0.6666666666666666,
      "recall": 0.4,
      "f1-score": 0.5,
      "support": 5.0
    },
    "others": {
      "precision": 0.8,
      "recall": 1.0,
      "f1-score": 0.8888888888888888,
      "support": 4.0
    },
    "perovskite": {
      "precision": 1.0,
      "recall": 0.8571428571428571,
      "f1-score": 0.9230769230769231,
      "support": 14.0
    },
    "pyrochlore": {
      "precision": 0.6666666666666666,
      "recall": 0.8,
      "f1-score": 0.7272727272727273,
      "support": 5.0
    },
    "rock salt": {
      "precision": 1.0,
      "recall": 0.8,
      "f1-score": 0.8888888888888888,
      "support": 5.0
    },
    "spinel": {
      "precision": 0.8846153846153846,
      "recall": 1.0,
      "f1-score": 0.9387755102040817,
      "support": 23.0
    },
    "accuracy": 0.8840579710144928,
    "macro avg": {
      "precision": 0.8487179487179487,
      "recall": 0.82574568288854,
      "f1-score": 0.8271399802012047,
      "support": 69.0
    },
    "weighted avg": {
      "precision": 0.887142326272761,
      "recall": 0.8840579710144928,
      "f1-score": 0.8790040187555715,
      "support": 69.0
    }
  },
  "logreg__test": {
    "fluorite": {
      "precision": 1.0,
      "recall": 0.7692307692307693,
      "f1-score": 0.8695652173913043,
      "support": 13.0
    },
    "multiphase": {
      "precision": 0.3333333333333333,
      "recall": 0.2,
      "f1-score": 0.25,
      "support": 5.0
    },
    "others": {
      "precision": 1.0,
      "recall": 0.6,
      "f1-score": 0.75,
      "support": 5.0
    },
    "perovskite": {
      "precision": 0.8571428571428571,
      "recall": 0.9230769230769231,
      "f1-score": 0.8888888888888888,
      "support": 13.0
    },
    "pyrochlore": {
      "precision": 0.5714285714285714,
      "recall": 0.8,
      "f1-score": 0.6666666666666666,
      "support": 5.0
    },
    "rock salt": {
      "precision": 0.7142857142857143,
      "recall": 1.0,
      "f1-score": 0.8333333333333334,
      "support": 5.0
    },
    "spinel": {
      "precision": 0.88,
      "recall": 0.9565217391304348,
      "f1-score": 0.9166666666666666,
      "support": 23.0
    },
    "accuracy": 0.8260869565217391,
    "macro avg": {
      "precision": 0.7651700680272109,
      "recall": 0.7498327759197324,
      "f1-score": 0.7393029675638372,
      "support": 69.0
    },
    "weighted avg": {
      "precision": 0.833015873015873,
      "recall": 0.8260869565217391,
      "f1-score": 0.818017923405447,
      "support": 69.0
    }
  },
  "rf__val": {
    "fluorite": {
      "precision": 1.0,
      "recall": 1.0,
      "f1-score": 1.0,
      "support": 13.0
    },
    "multiphase": {
      "precision": 1.0,
      "recall": 0.8,
      "f1-score": 0.8888888888888888,
      "support": 5.0
    },
    "others": {
      "precision": 1.0,
      "recall": 1.0,
      "f1-score": 1.0,
      "support": 4.0
    },
    "perovskite": {
      "precision": 1.0,
      "recall": 1.0,
      "f1-score": 1.0,
      "support": 14.0
    },
    "pyrochlore": {
      "precision": 1.0,
      "recall": 1.0,
      "f1-score": 1.0,
      "support": 5.0
    },
    "rock salt": {
      "precision": 1.0,
      "recall": 1.0,
      "f1-score": 1.0,
      "support": 5.0
    },
    "spinel": {
      "precision": 0.9583333333333334,
      "recall": 1.0,
      "f1-score": 0.9787234042553191,
      "support": 23.0
    },
    "accuracy": 0.9855072463768116,
    "macro avg": {
      "precision": 0.994047619047619,
      "recall": 0.9714285714285714,
      "f1-score": 0.9810874704491727,
      "support": 69.0
    },
    "weighted avg": {
      "precision": 0.9861111111111112,
      "recall": 0.9855072463768116,
      "f1-score": 0.9848562716277796,
      "support": 69.0
    }
  },
  "rf__test": {
    "fluorite": {
      "precision": 1.0,
      "recall": 0.7692307692307693,
      "f1-score": 0.8695652173913043,
      "support": 13.0
    },
    "multiphase": {
      "precision": 0.6,
      "recall": 0.6,
      "f1-score": 0.6,
      "support": 5.0
    },
    "others": {
      "precision": 1.0,
      "recall": 0.8,
      "f1-score": 0.8888888888888888,
      "support": 5.0
    },
    "perovskite": {
      "precision": 0.8666666666666667,
      "recall": 1.0,
      "f1-score": 0.9285714285714286,
      "support": 13.0
    },
    "pyrochlore": {
      "precision": 0.6666666666666666,
      "recall": 0.8,
      "f1-score": 0.7272727272727273,
      "support": 5.0
    },
    "rock salt": {
      "precision": 0.7142857142857143,
      "recall": 1.0,
      "f1-score": 0.8333333333333334,
      "support": 5.0
    },
    "spinel": {
      "precision": 0.9545454545454546,
      "recall": 0.9130434782608695,
      "f1-score": 0.9333333333333333,
      "support": 23.0
    },
    "accuracy": 0.8695652173913043,
    "macro avg": {
      "precision": 0.8288806431663576,
      "recall": 0.8403248924988055,
      "f1-score": 0.8258521326844308,
      "support": 69.0
    },
    "weighted avg": {
      "precision": 0.8858836815358555,
      "recall": 0.8695652173913043,
      "f1-score": 0.8708683740819846,
      "support": 69.0
    }
  },
  "svc_rbf__val": {
    "fluorite": {
      "precision": 1.0,
      "recall": 1.0,
      "f1-score": 1.0,
      "support": 13.0
    },
    "multiphase": {
      "precision": 0.6666666666666666,
      "recall": 0.4,
      "f1-score": 0.5,
      "support": 5.0
    },
    "others": {
      "precision": 1.0,
      "recall": 1.0,
      "f1-score": 1.0,
      "support": 4.0
    },
    "perovskite": {
      "precision": 1.0,
      "recall": 0.9285714285714286,
      "f1-score": 0.9629629629629629,
      "support": 14.0
    },
    "pyrochlore": {
      "precision": 0.8333333333333334,
      "recall": 1.0,
      "f1-score": 0.9090909090909091,
      "support": 5.0
    },
    "rock salt": {
      "precision": 1.0,
      "recall": 0.8,
      "f1-score": 0.8888888888888888,
      "support": 5.0
    },
    "spinel": {
      "precision": 0.8846153846153846,
      "recall": 1.0,
      "f1-score": 0.9387755102040817,
      "support": 23.0
    },
    "accuracy": 0.927536231884058,
    "macro avg": {
      "precision": 0.9120879120879122,
      "recall": 0.8755102040816326,
      "f1-score": 0.8856740387352632,
      "support": 69.0
    },
    "weighted avg": {
      "precision": 0.9253065774804904,
      "recall": 0.927536231884058,
      "f1-score": 0.9212060464648456,
      "support": 69.0
    }
  },
  "svc_rbf__test": {
    "fluorite": {
      "precision": 1.0,
      "recall": 0.6923076923076923,
      "f1-score": 0.8181818181818182,
      "support": 13.0
    },
    "multiphase": {
      "precision": 0.5,
      "recall": 0.6,
      "f1-score": 0.5454545454545454,
      "support": 5.0
    },
    "others": {
      "precision": 0.8,
      "recall": 0.8,
      "f1-score": 0.8,
      "support": 5.0
    },
    "perovskite": {
      "precision": 0.9166666666666666,
      "recall": 0.8461538461538461,
      "f1-score": 0.88,
      "support": 13.0
    },
    "pyrochlore": {
      "precision": 0.6666666666666666,
      "recall": 0.8,
      "f1-score": 0.7272727272727273,
      "support": 5.0
    },
    "rock salt": {
      "precision": 0.7142857142857143,
      "recall": 1.0,
      "f1-score": 0.8333333333333334,
      "support": 5.0
    },
    "spinel": {
      "precision": 0.9166666666666666,
      "recall": 0.9565217391304348,
      "f1-score": 0.9361702127659575,
      "support": 23.0
    },
    "accuracy": 0.8405797101449275,
    "macro avg": {
      "precision": 0.7877551020408163,
      "recall": 0.8135690396559961,
      "f1-score": 0.791487519572626,
      "support": 69.0
    },
    "weighted avg": {
      "precision": 0.8609385783298826,
      "recall": 0.8405797101449275,
      "f1-score": 0.8425881385548359,