model,accuracy,balanced_accuracy,f1_macro,roc_auc_macro,Precision_macro,Recall_macro,PR AUC_macro,MCC,Brier Score,Log-loss
xgb,0.898550725,0.862302914,0.858324057,0.949614546,0.874458874,0.862302914,0.886493016,0.874408068,0.170344267,0.52039873
lgbm,0.884057971,0.851313903,0.843325595,0.955621593,0.860366755,0.851313903,0.893453819,0.856390017,0.207592729,0.652035365
cat,0.884057971,0.846536073,0.830903235,0.950168903,0.83086365,0.846536073,0.855694189,0.856919309,0.203825985,0.520468697
rf,0.869565217,0.840324892,0.825852133,0.94084974,0.828880643,0.840324892,0.856583844,0.83963995,0.251455184,0.581063275
svc_rbf,0.84057971,0.81356904,0.79148752,0.922869952,0.787755102,0.81356904,0.855912046,0.803630537,0.252352845,0.590169608
logreg,0.826086957,0.749832776,0.739302968,0.904286072,0.765170068,0.749832776,0.760258827,0.783753048,0.303928142,0.904234262
